,file
0,data/Albums/evermore_theforeveristhesweetestconchapter/invisiblestring.txt
1,data/Albums/evermore_theforeveristhesweetestconchapter/mirrorball.txt
2,data/Albums/evermore_theforeveristhesweetestconchapter/longstoryshort.txt
3,data/Albums/evermore_theforeveristhesweetestconchapter/cowboylikeme.txt
4,data/Albums/evermore_theforeveristhesweetestconchapter/willow.txt
5,data/Albums/evermore_theforeveristhesweetestconchapter/evermore.txt
6,data/Albums/Midnights_TheLateNightEdition_/LavenderHaze.txt
7,data/Albums/Midnights_TheLateNightEdition_/Maroon.txt
8,data/Albums/Midnights_TargetExclusive_/YoureOnYourOwn_Kid_StringsRemix_.txt
9,data/Albums/Midnights_TargetExclusive_/MidnightRain.txt
10,data/Albums/Midnights_TargetExclusive_/Bejeweled.txt
11,data/Albums/Midnights_TargetExclusive_/VigilanteShit.txt
12,data/Albums/Midnights_TargetExclusive_/HitsDifferent.txt
13,data/Albums/Midnights_TargetExclusive_/Question____.txt
14,data/Albums/Midnights_TargetExclusive_/Karma.txt
15,data/Albums/Midnights_TargetExclusive_/Labyrinth.txt
16,data/Albums/Midnights_TargetExclusive_/Anti_Hero.txt
17,data/Albums/Midnights_TargetExclusive_/LavenderHaze.txt
18,data/Albums/Midnights_TargetExclusive_/Mastermind.txt
19,data/Albums/Midnights_TargetExclusive_/Maroon.txt
20,data/Albums/Midnights_TargetExclusive_/YoureOnYourOwn_Kid.txt
21,data/Albums/Midnights_TargetExclusive_/SnowOnTheBeach.txt
22,data/Albums/Midnights_TargetExclusive_/SweetNothing_PianoRemix_.txt
23,data/Albums/Midnights_TargetExclusive_/SweetNothing.txt
24,data/Albums/thelakes_7_Single_RecordStoreDayExclusive_/thelakes_originalversion_.txt
25,data/Albums/thelakes_7_Single_RecordStoreDayExclusive_/thelakes.txt
26,data/Albums/Red_TaylorsVersion__CouldYouBeTheOneChapter/BeginAgain_TaylorsVersion_.txt
27,data/Albums/Red_TaylorsVersion__CouldYouBeTheOneChapter/Treacherous_TaylorsVersion_.txt
28,data/Albums/Red_TaylorsVersion__CouldYouBeTheOneChapter/MessageInABottle_TaylorsVersion__FromtheVault_.txt
29,data/Albums/Red_TaylorsVersion__CouldYouBeTheOneChapter/StateofGrace_TaylorsVersion_.txt
30,data/Albums/Red_TaylorsVersion__CouldYouBeTheOneChapter/Starlight_TaylorsVersion_.txt
31,data/Albums/Red_TaylorsVersion__CouldYouBeTheOneChapter/EverythingHasChanged_TaylorsVersion_.txt
32,data/Albums/folklore_thelongpondstudiosessions_RecordStoreDayExclusive_/hoax_thelongpondstudiosessions_.txt
33,data/Albums/folklore_thelongpondstudiosessions_RecordStoreDayExclusive_/the1_thelongpondstudiosessions_.txt
34,data/Albums/folklore_thelongpondstudiosessions_RecordStoreDayExclusive_/mirrorball_thelongpondstudiosessions_.txt
35,data/Albums/folklore_thelongpondstudiosessions_RecordStoreDayExclusive_/madwoman_thelongpondstudiosessions_.txt
36,data/Albums/folklore_thelongpondstudiosessions_RecordStoreDayExclusive_/thelakes_thelongpondstudiosessions_.txt
37,data/Albums/folklore_thelongpondstudiosessions_RecordStoreDayExclusive_/invisiblestring_thelongpondstudiosessions_.txt
38,data/Albums/folklore_thelongpondstudiosessions_RecordStoreDayExclusive_/epiphany_thelongpondstudiosessions_.txt
39,data/Albums/folklore_thelongpondstudiosessions_RecordStoreDayExclusive_/mytearsricochet_thelongpondstudiosessions_.txt
40,data/Albums/folklore_thelongpondstudiosessions_RecordStoreDayExclusive_/cardigan_thelongpondstudiosessions_.txt
41,data/Albums/folklore_thelongpondstudiosessions_RecordStoreDayExclusive_/thisismetrying_thelongpondstudiosessions_.txt
42,data/Albums/folklore_thelongpondstudiosessions_RecordStoreDayExclusive_/august_thelongpondstudiosessions_.txt
43,data/Albums/folklore_thelongpondstudiosessions_RecordStoreDayExclusive_/seven_thelongpondstudiosessions_.txt
44,data/Albums/folklore_thelongpondstudiosessions_RecordStoreDayExclusive_/betty_thelongpondstudiosessions_.txt
45,data/Albums/folklore_thelongpondstudiosessions_RecordStoreDayExclusive_/thelastgreatamericandynasty_thelongpondstudiosessions_.txt
46,data/Albums/folklore_thelongpondstudiosessions_RecordStoreDayExclusive_/peace_thelongpondstudiosessions_.txt
47,data/Albums/folklore_thelongpondstudiosessions_RecordStoreDayExclusive_/illicitaffairs_thelongpondstudiosessions_.txt
48,data/Albums/folklore_thelongpondstudiosessions_RecordStoreDayExclusive_/exile_thelongpondstudiosessions_.txt
49,data/Albums/LavenderHaze_Remixes_/LavenderHaze_FelixJaehnRemix_.txt
50,data/Albums/LavenderHaze_Remixes_/LavenderHaze.txt
51,data/Albums/LavenderHaze_Remixes_/LavenderHaze_SnakehipsRemix_.txt
52,data/Albums/LavenderHaze_Remixes_/LavenderHaze_JungleRemix_.txt
53,data/Albums/LavenderHaze_Remixes_/LavenderHaze_TensnakeRemix_.txt
54,data/Albums/theladieslunchingchapter/august.txt
55,data/Albums/theladieslunchingchapter/rightwhereyouleftme.txt
56,data/Albums/theladieslunchingchapter/betty.txt
57,data/Albums/theladieslunchingchapter/nobody_nocrime.txt
58,data/Albums/theladieslunchingchapter/dorothea.txt
59,data/Albums/theladieslunchingchapter/marjorie.txt
60,data/Albums/Midnights_AppleMusicExclusive_/MidnightRain.txt
61,data/Albums/Midnights_AppleMusicExclusive_/Meetmeatmidnight.txt
62,data/Albums/Midnights_AppleMusicExclusive_/Bejeweled.txt
63,data/Albums/Midnights_AppleMusicExclusive_/VigilanteShit.txt
64,data/Albums/Midnights_AppleMusicExclusive_/Question____.txt
65,data/Albums/Midnights_AppleMusicExclusive_/Karma.txt
66,data/Albums/Midnights_AppleMusicExclusive_/Labyrinth.txt
67,data/Albums/Midnights_AppleMusicExclusive_/Anti_Hero.txt
68,data/Albums/Midnights_AppleMusicExclusive_/LavenderHaze.txt
69,data/Albums/Midnights_AppleMusicExclusive_/Mastermind.txt
70,data/Albums/Midnights_AppleMusicExclusive_/Maroon.txt
71,data/Albums/Midnights_AppleMusicExclusive_/YoureOnYourOwn_Kid.txt
72,data/Albums/Midnights_AppleMusicExclusive_/SnowOnTheBeach.txt
73,data/Albums/Midnights_AppleMusicExclusive_/SweetNothing.txt
74,data/Albums/Fearless_TaylorsVersion_/Untouchable_TaylorsVersion_.txt
75,data/Albums/Fearless_TaylorsVersion_/Forever_Always_TaylorsVersion_.txt
76,data/Albums/Fearless_TaylorsVersion_/Change_TaylorsVersion_.txt
77,data/Albums/Fearless_TaylorsVersion_/Forever_Always_PianoVersion__TaylorsVersion_.txt
78,data/Albums/Fearless_TaylorsVersion_/YoureNotSorry_TaylorsVersion_.txt
79,data/Albums/Fearless_TaylorsVersion_/TellMeWhy_TaylorsVersion_.txt
80,data/Albums/Fearless_TaylorsVersion_/TheBestDay_TaylorsVersion_.txt
81,data/Albums/Fearless_TaylorsVersion_/ByeByeBaby_TaylorsVersion__FromtheVault_.txt
82,data/Albums/Fearless_TaylorsVersion_/LoveStory_TaylorsVersion_.txt
83,data/Albums/Fearless_TaylorsVersion_/Fearless_TaylorsVersion_.txt
84,data/Albums/Fearless_TaylorsVersion_/JumpThenFall_TaylorsVersion_.txt
85,data/Albums/Fearless_TaylorsVersion_/HeyStephen_TaylorsVersion_.txt
86,data/Albums/Fearless_TaylorsVersion_/YouBelongWithMe_TaylorsVersion_.txt
87,data/Albums/Fearless_TaylorsVersion_/Superstar_TaylorsVersion_.txt
88,data/Albums/Fearless_TaylorsVersion_/Breathe_TaylorsVersion_.txt
89,data/Albums/Fearless_TaylorsVersion_/TodayWasaFairytale_TaylorsVersion_.txt
90,data/Albums/Fearless_TaylorsVersion_/ThatsWhen_TaylorsVersion__FromtheVault_.txt
91,data/Albums/Fearless_TaylorsVersion_/TheWayILovedYou_TaylorsVersion_.txt
92,data/Albums/Fearless_TaylorsVersion_/DontYou_TaylorsVersion__FromtheVault_.txt
93,data/Albums/Fearless_TaylorsVersion_/Fifteen_TaylorsVersion_.txt
94,data/Albums/Fearless_TaylorsVersion_/YouAllOverMe_TaylorsVersion__FromtheVault_.txt
95,data/Albums/Fearless_TaylorsVersion_/Mr_PerfectlyFine_TaylorsVersion__FromtheVault_.txt
96,data/Albums/Fearless_TaylorsVersion_/WeWereHappy_TaylorsVersion__FromtheVault_.txt
97,data/Albums/Fearless_TaylorsVersion_/WhiteHorse_TaylorsVersion_.txt
98,data/Albums/Fearless_TaylorsVersion_/LoveStory_TaylorsVersion__ElviraRemix_.txt
99,data/Albums/Fearless_TaylorsVersion_/ComeInWithTheRain_TaylorsVersion_.txt
100,data/Albums/Fearless_TaylorsVersion_/TheOtherSideoftheDoor_TaylorsVersion_.txt
101,data/Albums/AllTooWell_10MinuteVersion__TheShortFilm__EP/AllTooWell_10MinuteVersion__TheShortFilm_.txt
102,data/Albums/1989/IWishYouWould.txt
103,data/Albums/1989/ThisLove.txt
104,data/Albums/1989/WelcometoNewYork.txt
105,data/Albums/1989/1989_Booklet_.txt
106,data/Albums/1989/IKnowPlaces.txt
107,data/Albums/1989/WildestDreams.txt
108,data/Albums/1989/ShakeItOff.txt
109,data/Albums/1989/BlankSpace.txt
110,data/Albums/1989/HowYouGetTheGirl.txt
111,data/Albums/1989/OutOfTheWoods.txt
112,data/Albums/1989/Style.txt
113,data/Albums/1989/BadBlood.txt
114,data/Albums/1989/Clean.txt
115,data/Albums/1989/AllYouHadtoDoWasStay.txt
116,data/Albums/Anti_Hero_Remixes_/Anti_Hero_RooseveltRemix_.txt
117,data/Albums/Anti_Hero_Remixes_/Anti_Hero_KungsRemix_.txt
118,data/Albums/Anti_Hero_Remixes_/Anti_Hero.txt
119,data/Albums/Anti_Hero_Remixes_/Anti_Hero_Remix_.txt
120,data/Albums/Anti_Hero_Remixes_/Anti_Hero_JaydaGRemix_.txt
121,data/Albums/SpeakNow_WorldTourLive/Nexium.txt
122,data/Albums/SpeakNow_WorldTourLive/LikeWhatLikeMe.txt
123,data/Albums/SpeakNow_WorldTourLive/TheGods.txt
124,data/Albums/SpeakNow_WorldTourLive/HappyFace.txt
125,data/Albums/SpeakNow_WorldTourLive/WenchRench.txt
126,data/Albums/SpeakNow_WorldTourLive/AtNight.txt
127,data/Albums/SpeakNow_WorldTourLive/Suppository.txt
128,data/Albums/SpeakNow_WorldTourLive/Lush.txt
129,data/Albums/SpeakNow_WorldTourLive/NyBushmen.txt
130,data/Albums/SpeakNow_WorldTourLive/Rap_Unemployment.txt
131,data/Albums/SpeakNow_WorldTourLive/DumpsterDiving.txt
132,data/Albums/SpeakNow_WorldTourLive/GetEm.txt
133,data/Albums/SpeakNow_WorldTourLive/DoppelGospel.txt
134,data/Albums/SpeakNow_WorldTourLive/PackKevorkian.txt
135,data/Albums/Fearless_TaylorsVersion__TheKissingInTheRainChapter/HeyStephen_TaylorsVersion_.txt
136,data/Albums/Fearless_TaylorsVersion__TheKissingInTheRainChapter/Superstar_TaylorsVersion_.txt
137,data/Albums/Fearless_TaylorsVersion__TheKissingInTheRainChapter/TodayWasaFairytale_TaylorsVersion_.txt
138,data/Albums/Fearless_TaylorsVersion__TheKissingInTheRainChapter/TheWayILovedYou_TaylorsVersion_.txt
139,data/Albums/Fearless_TaylorsVersion__TheKissingInTheRainChapter/Fifteen_TaylorsVersion_.txt
140,data/Albums/Fearless_TaylorsVersion__TheKissingInTheRainChapter/ComeInWithTheRain_TaylorsVersion_.txt
141,data/Albums/Midnights_3amEdition_/DearReader.txt
142,data/Albums/Midnights_3amEdition_/BiggerThanTheWholeSky.txt
143,data/Albums/Midnights_3amEdition_/MidnightRain.txt
144,data/Albums/Midnights_3amEdition_/Wouldve_Couldve_Shouldve.txt
145,data/Albums/Midnights_3amEdition_/Bejeweled.txt
146,data/Albums/Midnights_3amEdition_/VigilanteShit.txt
147,data/Albums/Midnights_3amEdition_/Glitch.txt
148,data/Albums/Midnights_3amEdition_/Question____.txt
149,data/Albums/Midnights_3amEdition_/Paris.txt
150,data/Albums/Midnights_3amEdition_/Karma.txt
151,data/Albums/Midnights_3amEdition_/Labyrinth.txt
152,data/Albums/Midnights_3amEdition_/Anti_Hero.txt
153,data/Albums/Midnights_3amEdition_/LavenderHaze.txt
154,data/Albums/Midnights_3amEdition_/HighInfidelity.txt
155,data/Albums/Midnights_3amEdition_/Mastermind.txt
156,data/Albums/Midnights_3amEdition_/Maroon.txt
157,data/Albums/Midnights_3amEdition_/TheGreatWar.txt
158,data/Albums/Midnights_3amEdition_/YoureOnYourOwn_Kid.txt
159,data/Albums/Midnights_3amEdition_/SnowOnTheBeach.txt
160,data/Albums/Midnights_3amEdition_/SweetNothing.txt
161,data/Albums/SpeakNow_Deluxe_/DearJohn.txt
162,data/Albums/SpeakNow_Deluxe_/Superman.txt
163,data/Albums/SpeakNow_Deluxe_/Haunted_AcousticVersion_.txt
164,data/Albums/SpeakNow_Deluxe_/NeverGrowUp.txt
165,data/Albums/SpeakNow_Deluxe_/Mine.txt
166,data/Albums/SpeakNow_Deluxe_/LastKiss.txt
167,data/Albums/SpeakNow_Deluxe_/TheStoryOfUs.txt
168,data/Albums/SpeakNow_Deluxe_/LongLive.txt
169,data/Albums/SpeakNow_Deluxe_/IfThisWasaMovie.txt
170,data/Albums/SpeakNow_Deluxe_/Haunted.txt
171,data/Albums/SpeakNow_Deluxe_/BackToDecember_Acoustic_.txt
172,data/Albums/SpeakNow_Deluxe_/Enchanted.txt
173,data/Albums/SpeakNow_Deluxe_/SparksFly.txt
174,data/Albums/SpeakNow_Deluxe_/BacktoDecember.txt
175,data/Albums/SpeakNow_Deluxe_/SpeakNow.txt
176,data/Albums/SpeakNow_Deluxe_/BetterThanRevenge.txt
177,data/Albums/SpeakNow_Deluxe_/Mean.txt
178,data/Albums/SpeakNow_Deluxe_/Ours.txt
179,data/Albums/SpeakNow_Deluxe_/Innocent.txt
180,data/Albums/SpeakNow_Deluxe_/Mine_PopMix_.txt
181,data/Albums/Evermore/coneyisland.txt
182,data/Albums/Evermore/tisthedamnseason.txt
183,data/Albums/Evermore/longstoryshort.txt
184,data/Albums/Evermore/closure.txt
185,data/Albums/Evermore/goldrush.txt
186,data/Albums/Evermore/happiness.txt
187,data/Albums/Evermore/ivy.txt
188,data/Albums/Evermore/cowboylikeme.txt
189,data/Albums/Evermore/willow.txt
190,data/Albums/Evermore/evermore.txt
191,data/Albums/Evermore/nobody_nocrime.txt
192,data/Albums/Evermore/tolerateit.txt
193,data/Albums/Evermore/champagneproblems.txt
194,data/Albums/Evermore/dorothea.txt
195,data/Albums/Evermore/marjorie.txt
196,data/Albums/Folklore/invisiblestring.txt
197,data/Albums/Folklore/august.txt
198,data/Albums/Folklore/cardigan.txt
199,data/Albums/Folklore/thisismetrying.txt
200,data/Albums/Folklore/mirrorball.txt
201,data/Albums/Folklore/peace.txt
202,data/Albums/Folklore/seven.txt
203,data/Albums/Folklore/exile.txt
204,data/Albums/Folklore/betty.txt
205,data/Albums/Folklore/the1.txt
206,data/Albums/Folklore/hoax.txt
207,data/Albums/Folklore/mytearsricochet.txt
208,data/Albums/Folklore/madwoman.txt
209,data/Albums/Folklore/epiphany.txt
210,data/Albums/Folklore/illicitaffairs.txt
211,data/Albums/Folklore/thelastgreatamericandynasty.txt
212,data/Albums/Fearless_PlatinumEdition_/Change.txt
213,data/Albums/Fearless_PlatinumEdition_/SuperStar.txt
214,data/Albums/Fearless_PlatinumEdition_/HeyStephen.txt
215,data/Albums/Fearless_PlatinumEdition_/Fifteen.txt
216,data/Albums/Fearless_PlatinumEdition_/TheBestDay.txt
217,data/Albums/Fearless_PlatinumEdition_/Breathe.txt
218,data/Albums/Fearless_PlatinumEdition_/Fearless.txt
219,data/Albums/Fearless_PlatinumEdition_/LoveStory.txt
220,data/Albums/Fearless_PlatinumEdition_/TheWayILovedYou.txt
221,data/Albums/Fearless_PlatinumEdition_/Forever_Always.txt
222,data/Albums/Fearless_PlatinumEdition_/JumpThenFall.txt
223,data/Albums/Fearless_PlatinumEdition_/TheOtherSideOfTheDoor.txt
224,data/Albums/Fearless_PlatinumEdition_/YouBelongWithMe.txt
225,data/Albums/Fearless_PlatinumEdition_/YoureNotSorry.txt
226,data/Albums/Fearless_PlatinumEdition_/ComeInWiththeRain.txt
227,data/Albums/Fearless_PlatinumEdition_/WhiteHorse.txt
228,data/Albums/Fearless_PlatinumEdition_/TellMeWhy.txt
229,data/Albums/Fearless_PlatinumEdition_/Untouchable.txt
230,data/Albums/Fearless_PlatinumEdition_/Forever_Always_PianoVersion_.txt
231,data/Albums/MessageInABottle_FatMaxGRemix__TaylorsVersion_/MessageInABottle_TaylorsVersion__FatMaxGRemix_.txt
232,data/Albums/MessageInABottle_FatMaxGRemix__TaylorsVersion_/MessageInABottle_TaylorsVersion__FromtheVault_.txt
233,data/Albums/evermore_thedroppedyourhandwhiledancingchapter/coneyisland.txt
234,data/Albums/evermore_thedroppedyourhandwhiledancingchapter/happiness.txt
235,data/Albums/evermore_thedroppedyourhandwhiledancingchapter/hoax.txt
236,data/Albums/evermore_thedroppedyourhandwhiledancingchapter/itstimetogo.txt
237,data/Albums/evermore_thedroppedyourhandwhiledancingchapter/tolerateit.txt
238,data/Albums/evermore_thedroppedyourhandwhiledancingchapter/champagneproblems.txt
239,data/Albums/Red_TaylorsVersion__SheWroteASongAboutMeChapter/IAlmostDo_TaylorsVersion_.txt
240,data/Albums/Red_TaylorsVersion__SheWroteASongAboutMeChapter/TheLuckyOne_TaylorsVersion_.txt
241,data/Albums/Red_TaylorsVersion__SheWroteASongAboutMeChapter/IBetYouThinkAboutMe_TaylorsVersion__FromtheVault_.txt
242,data/Albums/Red_TaylorsVersion__SheWroteASongAboutMeChapter/IKnewYouWereTrouble_TaylorsVersion_.txt
243,data/Albums/Red_TaylorsVersion__SheWroteASongAboutMeChapter/WeAreNeverEverGettingBackTogether_TaylorsVersion_.txt
244,data/Albums/Red_TaylorsVersion__SheWroteASongAboutMeChapter/Red_TaylorsVersion_.txt
245,data/Albums/TheMoreRed_TaylorsVersion_Chapter/AllTooWell_10MinuteVersion__TaylorsVersion__FromtheVault_.txt
246,data/Albums/TheMoreRed_TaylorsVersion_Chapter/EyesOpen_TaylorsVersion_.txt
247,data/Albums/TheMoreRed_TaylorsVersion_Chapter/IKnewYouWereTrouble_TaylorsVersion_.txt
248,data/Albums/TheMoreRed_TaylorsVersion_Chapter/WeAreNeverEverGettingBackTogether_TaylorsVersion_.txt
249,data/Albums/TheMoreRed_TaylorsVersion_Chapter/22_TaylorsVersion_.txt
250,data/Albums/TheMoreRed_TaylorsVersion_Chapter/Safe_Sound_TaylorsVersion_.txt
251,data/Albums/Red_TaylorsVersion__FromTheVaultChapter/TheVeryFirstNight_TaylorsVersion__FromtheVault_.txt
252,data/Albums/Red_TaylorsVersion__FromTheVaultChapter/Babe_TaylorsVersion__FromtheVault_.txt
253,data/Albums/Red_TaylorsVersion__FromTheVaultChapter/NothingNew_TaylorsVersion__FromtheVault_.txt
254,data/Albums/Red_TaylorsVersion__FromTheVaultChapter/ForeverWinter_TaylorsVersion__FromtheVault_.txt
255,data/Albums/Red_TaylorsVersion__FromTheVaultChapter/BetterMan_TaylorsVersion__FromtheVault_.txt
256,data/Albums/Red_TaylorsVersion__FromTheVaultChapter/Run_TaylorsVersion__FromtheVault_.txt
257,data/Albums/Fearless_TaylorsVersion__TheIRememberWhatYouSaidLastNightChapter/Forever_Always_TaylorsVersion_.txt
258,data/Albums/Fearless_TaylorsVersion__TheIRememberWhatYouSaidLastNightChapter/Change_TaylorsVersion_.txt
259,data/Albums/Fearless_TaylorsVersion__TheIRememberWhatYouSaidLastNightChapter/TellMeWhy_TaylorsVersion_.txt
260,data/Albums/Fearless_TaylorsVersion__TheIRememberWhatYouSaidLastNightChapter/LoveStory_TaylorsVersion_.txt
261,data/Albums/Fearless_TaylorsVersion__TheIRememberWhatYouSaidLastNightChapter/Fearless_TaylorsVersion_.txt
262,data/Albums/Fearless_TaylorsVersion__TheIRememberWhatYouSaidLastNightChapter/YouBelongWithMe_TaylorsVersion_.txt
263,data/Albums/Carolina_FromTheMotionPictureWhereTheCrawdadsSing_/Carolina.txt
264,data/Albums/Carolina_FromTheMotionPictureWhereTheCrawdadsSing_/Carolina_VideoVersion_.txt
265,data/Albums/SpeakNow/DearJohn.txt
266,data/Albums/SpeakNow/NeverGrowUp.txt
267,data/Albums/SpeakNow/Mine.txt
268,data/Albums/SpeakNow/LastKiss.txt
269,data/Albums/SpeakNow/TheStoryOfUs.txt
270,data/Albums/SpeakNow/LongLive.txt
271,data/Albums/SpeakNow/Haunted.txt
272,data/Albums/SpeakNow/Enchanted.txt
273,data/Albums/SpeakNow/SparksFly.txt
274,data/Albums/SpeakNow/BacktoDecember.txt
275,data/Albums/SpeakNow/SpeakNow.txt
276,data/Albums/SpeakNow/BetterThanRevenge.txt
277,data/Albums/SpeakNow/Mean.txt
278,data/Albums/SpeakNow/Innocent.txt
279,data/Albums/TheMoreFearless_TaylorsVersion_Chapter/LoveStory_TaylorsVersion_.txt
280,data/Albums/TheMoreFearless_TaylorsVersion_Chapter/Fearless_TaylorsVersion_.txt
281,data/Albums/TheMoreFearless_TaylorsVersion_Chapter/YouBelongWithMe_TaylorsVersion_.txt
282,data/Albums/TheMoreFearless_TaylorsVersion_Chapter/WhiteHorse_TaylorsVersion_.txt
283,data/Albums/TheMoreFearless_TaylorsVersion_Chapter/IfThisWasaMovie_TaylorsVersion_.txt
284,data/Albums/Lover/Lover.txt
285,data/Albums/Lover/TheArcher.txt
286,data/Albums/Lover/IForgotThatYouExisted.txt
287,data/Albums/Lover/LondonBoy.txt
288,data/Albums/Lover/PaperRings.txt
289,data/Albums/Lover/IThinkHeKnows.txt
290,data/Albums/Lover/MissAmericana_TheHeartbreakPrince.txt
291,data/Albums/Lover/Afterglow.txt
292,data/Albums/Lover/TheMan.txt
293,data/Albums/Lover/FalseGod.txt
294,data/Albums/Lover/ME_.txt
295,data/Albums/Lover/ItsNicetoHaveaFriend.txt
296,data/Albums/Lover/CorneliaStreet.txt
297,data/Albums/Lover/DeathbyaThousandCuts.txt
298,data/Albums/Lover/YouNeedToCalmDown.txt
299,data/Albums/Lover/SoonYoullGetBetter.txt
300,data/Albums/Lover/Daylight.txt
301,data/Albums/Lover/CruelSummer.txt
302,data/Albums/evermore_deluxeversion_/rightwhereyouleftme.txt
303,data/Albums/evermore_deluxeversion_/coneyisland.txt
304,data/Albums/evermore_deluxeversion_/tisthedamnseason.txt
305,data/Albums/evermore_deluxeversion_/longstoryshort.txt
306,data/Albums/evermore_deluxeversion_/closure.txt
307,data/Albums/evermore_deluxeversion_/goldrush.txt
308,data/Albums/evermore_deluxeversion_/happiness.txt
309,data/Albums/evermore_deluxeversion_/ivy.txt
310,data/Albums/evermore_deluxeversion_/Evermore_LinerNotes_.txt
311,data/Albums/evermore_deluxeversion_/cowboylikeme.txt
312,data/Albums/evermore_deluxeversion_/itstimetogo.txt
313,data/Albums/evermore_deluxeversion_/willow.txt
314,data/Albums/evermore_deluxeversion_/evermore.txt
315,data/Albums/evermore_deluxeversion_/nobody_nocrime.txt
316,data/Albums/evermore_deluxeversion_/tolerateit.txt
317,data/Albums/evermore_deluxeversion_/champagneproblems.txt
318,data/Albums/evermore_deluxeversion_/dorothea.txt
319,data/Albums/evermore_deluxeversion_/marjorie.txt
320,data/Albums/Lover_LiveFromParis_HeartShapedVinyl/DeathbyaThousandCuts_LivefromParis_.txt
321,data/Albums/Lover_LiveFromParis_HeartShapedVinyl/TheMan_LiveFromParis_.txt
322,data/Albums/Lover_LiveFromParis_HeartShapedVinyl/Lover_LivefromParis_.txt
323,data/Albums/Lover_LiveFromParis_HeartShapedVinyl/ME__LivefromParis_.txt
324,data/Albums/Lover_LiveFromParis_HeartShapedVinyl/Daylight_LivefromParis_.txt
325,data/Albums/Lover_LiveFromParis_HeartShapedVinyl/CorneliaStreet_LivefromParis_.txt
326,data/Albums/Lover_LiveFromParis_HeartShapedVinyl/YouNeedToCalmDown_LivefromParis_.txt
327,data/Albums/Lover_LiveFromParis_HeartShapedVinyl/TheArcher_LivefromParis_.txt
328,data/Albums/Red/Starlight.txt
329,data/Albums/Red/22.txt
330,data/Albums/Red/HolyGround.txt
331,data/Albums/Red/GirlatHome.txt
332,data/Albums/Red/StateofGrace.txt
333,data/Albums/Red/IKnewYouWereTrouble.txt
334,data/Albums/Red/SadBeautifulTragic.txt
335,data/Albums/Red/TheLuckyOne.txt
336,data/Albums/Red/TheLastTime.txt
337,data/Albums/Red/AllTooWell.txt
338,data/Albums/Red/EverythingHasChanged.txt
339,data/Albums/Red/IAlmostDo.txt
340,data/Albums/Red/WeAreNeverEverGettingBackTogether.txt
341,data/Albums/Red/Treacherous.txt
342,data/Albums/Red/BeginAgain.txt
343,data/Albums/Red/Red.txt
344,data/Albums/Red/StayStayStay.txt
345,data/Albums/Red/ComeBack___BeHere.txt
346,data/Albums/Red/TheMomentIKnew.txt
347,data/Albums/Fearless_TaylorsVersion__TheHalfwayOuttheDoorChapter/Forever_Always_TaylorsVersion_.txt
348,data/Albums/Fearless_TaylorsVersion__TheHalfwayOuttheDoorChapter/YoureNotSorry_TaylorsVersion_.txt
349,data/Albums/Fearless_TaylorsVersion__TheHalfwayOuttheDoorChapter/Breathe_TaylorsVersion_.txt
350,data/Albums/Fearless_TaylorsVersion__TheHalfwayOuttheDoorChapter/Mr_PerfectlyFine_TaylorsVersion__FromtheVault_.txt
351,data/Albums/Fearless_TaylorsVersion__TheHalfwayOuttheDoorChapter/WhiteHorse_TaylorsVersion_.txt
352,data/Albums/Fearless_TaylorsVersion__TheHalfwayOuttheDoorChapter/TheOtherSideoftheDoor_TaylorsVersion_.txt
353,data/Albums/Fearless/Fearless_LinerNotes_.txt
354,data/Albums/Fearless/Change.txt
355,data/Albums/Fearless/HeyStephen.txt
356,data/Albums/Fearless/Fifteen.txt
357,data/Albums/Fearless/TheBestDay.txt
358,data/Albums/Fearless/Breathe.txt
359,data/Albums/Fearless/Fearless.txt
360,data/Albums/Fearless/LoveStory.txt
361,data/Albums/Fearless/TheWayILovedYou.txt
362,data/Albums/Fearless/Forever_Always.txt
363,data/Albums/Fearless/YouBelongWithMe.txt
364,data/Albums/Fearless/YoureNotSorry.txt
365,data/Albums/Fearless/WhiteHorse.txt
366,data/Albums/Fearless/TellMeWhy.txt
367,data/Albums/Midnights/MidnightRain.txt
368,data/Albums/Midnights/Bejeweled.txt
369,data/Albums/Midnights/VigilanteShit.txt
370,data/Albums/Midnights/Question____.txt
371,data/Albums/Midnights/Karma.txt
372,data/Albums/Midnights/Labyrinth.txt
373,data/Albums/Midnights/Anti_Hero.txt
374,data/Albums/Midnights/LavenderHaze.txt
375,data/Albums/Midnights/Mastermind.txt
376,data/Albums/Midnights/Maroon.txt
377,data/Albums/Midnights/YoureOnYourOwn_Kid.txt
378,data/Albums/Midnights/SnowOnTheBeach.txt
379,data/Albums/Midnights/SweetNothing.txt
380,data/Albums/Reputation/EndGame.txt
381,data/Albums/Reputation/CallItWhatYouWant.txt
382,data/Albums/Reputation/___ReadyforIt_.txt
383,data/Albums/Reputation/KingofMyHeart.txt
384,data/Albums/Reputation/ReputationMagazineVol_1.txt
385,data/Albums/Reputation/IDidSomethingBad.txt
386,data/Albums/Reputation/GetawayCar.txt
387,data/Albums/Reputation/Reputation_Prologue_.txt
388,data/Albums/Reputation/NewYearsDay.txt
389,data/Albums/Reputation/Delicate.txt
390,data/Albums/Reputation/ThisIsWhyWeCantHaveNiceThings.txt
391,data/Albums/Reputation/DontBlameMe.txt
392,data/Albums/Reputation/WhySheDisappeared_Poem_.txt
393,data/Albums/Reputation/Gorgeous.txt
394,data/Albums/Reputation/LookWhatYouMadeMeDo.txt
395,data/Albums/Reputation/SoItGoes___.txt
396,data/Albums/Reputation/DancingWithOurHandsTied.txt
397,data/Albums/Reputation/IfYoureAnythingLikeMe_Poem_.txt
398,data/Albums/Reputation/Dress.txt
399,data/Albums/Red_TaylorsVersion_/TheVeryFirstNight_TaylorsVersion__FromtheVault_.txt
400,data/Albums/Red_TaylorsVersion_/IAlmostDo_TaylorsVersion_.txt
401,data/Albums/Red_TaylorsVersion_/AMessageFromTaylor.txt
402,data/Albums/Red_TaylorsVersion_/AllTooWell_10MinuteVersion__TaylorsVersion__FromtheVault_.txt
403,data/Albums/Red_TaylorsVersion_/TheLuckyOne_TaylorsVersion_.txt
404,data/Albums/Red_TaylorsVersion_/Babe_TaylorsVersion__FromtheVault_.txt
405,data/Albums/Red_TaylorsVersion_/NothingNew_TaylorsVersion__FromtheVault_.txt
406,data/Albums/Red_TaylorsVersion_/ForeverWinter_TaylorsVersion__FromtheVault_.txt
407,data/Albums/Red_TaylorsVersion_/BetterMan_TaylorsVersion__FromtheVault_.txt
408,data/Albums/Red_TaylorsVersion_/BeginAgain_TaylorsVersion_.txt
409,data/Albums/Red_TaylorsVersion_/IBetYouThinkAboutMe_TaylorsVersion__FromtheVault_.txt
410,data/Albums/Red_TaylorsVersion_/Run_TaylorsVersion__FromtheVault_.txt
411,data/Albums/Red_TaylorsVersion_/StateOfGrace_AcousticVersion__TaylorsVersion_.txt
412,data/Albums/Red_TaylorsVersion_/Treacherous_TaylorsVersion_.txt
413,data/Albums/Red_TaylorsVersion_/HolyGround_TaylorsVersion_.txt
414,data/Albums/Red_TaylorsVersion_/StayStayStay_TaylorsVersion_.txt
415,data/Albums/Red_TaylorsVersion_/IKnewYouWereTrouble_TaylorsVersion_.txt
416,data/Albums/Red_TaylorsVersion_/WeAreNeverEverGettingBackTogether_TaylorsVersion_.txt
417,data/Albums/Red_TaylorsVersion_/AllTooWell_TaylorsVersion_.txt
418,data/Albums/Red_TaylorsVersion_/MessageInABottle_TaylorsVersion__FromtheVault_.txt
419,data/Albums/Red_TaylorsVersion_/TheLastTime_TaylorsVersion_.txt
420,data/Albums/Red_TaylorsVersion_/TheMomentIKnew_TaylorsVersion_.txt
421,data/Albums/Red_TaylorsVersion_/Ronan_TaylorsVersion_.txt
422,data/Albums/Red_TaylorsVersion_/StateofGrace_TaylorsVersion_.txt
423,data/Albums/Red_TaylorsVersion_/Starlight_TaylorsVersion_.txt
424,data/Albums/Red_TaylorsVersion_/ComeBack___BeHere_TaylorsVersion_.txt
425,data/Albums/Red_TaylorsVersion_/GirlAtHome_TaylorsVersion_.txt
426,data/Albums/Red_TaylorsVersion_/SadBeautifulTragic_TaylorsVersion_.txt
427,data/Albums/Red_TaylorsVersion_/22_TaylorsVersion_.txt
428,data/Albums/Red_TaylorsVersion_/Red_TaylorsVersion_.txt
429,data/Albums/Red_TaylorsVersion_/EverythingHasChanged_TaylorsVersion_.txt
430,data/Albums/TheMoreLoverChapter/Lover.txt
431,data/Albums/TheMoreLoverChapter/TheArcher.txt
432,data/Albums/TheMoreLoverChapter/TheMan.txt
433,data/Albums/TheMoreLoverChapter/AllOfTheGirlsYouLovedBefore.txt
434,data/Albums/TheMoreLoverChapter/CruelSummer.txt
435,data/Albums/Red_TaylorsVersion__TheSlowMotionChapter/AllTooWell_10MinuteVersion__TaylorsVersion__FromtheVault_.txt
436,data/Albums/Red_TaylorsVersion__TheSlowMotionChapter/HolyGround_TaylorsVersion_.txt
437,data/Albums/Red_TaylorsVersion__TheSlowMotionChapter/TheLastTime_TaylorsVersion_.txt
438,data/Albums/Red_TaylorsVersion__TheSlowMotionChapter/TheMomentIKnew_TaylorsVersion_.txt
439,data/Albums/Red_TaylorsVersion__TheSlowMotionChapter/ComeBack___BeHere_TaylorsVersion_.txt
440,data/Albums/Red_TaylorsVersion__TheSlowMotionChapter/SadBeautifulTragic_TaylorsVersion_.txt
441,data/Albums/TaylorSwift/TeardropsonMyGuitar_PopVersion_.txt
442,data/Albums/TaylorSwift/MarysSong_OhMyMyMy_.txt
443,data/Albums/TaylorSwift/PicturetoBurn.txt
444,data/Albums/TaylorSwift/TimMcGraw.txt
445,data/Albums/TaylorSwift/StayBeautiful.txt
446,data/Albums/TaylorSwift/ShouldveSaidNo.txt
447,data/Albums/TaylorSwift/TaylorSwift_LinerNotes_.txt
448,data/Albums/TaylorSwift/OurSong.txt
449,data/Albums/TaylorSwift/TiedTogetherwithaSmile.txt
450,data/Albums/TaylorSwift/ColdasYou.txt
451,data/Albums/TaylorSwift/TeardropsOnMyGuitar.txt
452,data/Albums/TaylorSwift/Invisible.txt
453,data/Albums/TaylorSwift/APlaceInThisWorld.txt
454,data/Albums/TaylorSwift/TheOutside.txt
455,data/Albums/TaylorSwift/ImOnlyMeWhenImWithYou.txt
456,data/Albums/TaylorSwift/APerfectlyGoodHeart.txt
457,data/Albums/evermore_JapaneseEdition_/willow_lonelywitchversion_.txt
458,data/Albums/evermore_JapaneseEdition_/rightwhereyouleftme.txt
459,data/Albums/evermore_JapaneseEdition_/coneyisland.txt
460,data/Albums/evermore_JapaneseEdition_/tisthedamnseason.txt
461,data/Albums/evermore_JapaneseEdition_/longstoryshort.txt
462,data/Albums/evermore_JapaneseEdition_/closure.txt
463,data/Albums/evermore_JapaneseEdition_/goldrush.txt
464,data/Albums/evermore_JapaneseEdition_/happiness.txt
465,data/Albums/evermore_JapaneseEdition_/ivy.txt
466,data/Albums/evermore_JapaneseEdition_/cowboylikeme.txt
467,data/Albums/evermore_JapaneseEdition_/itstimetogo.txt
468,data/Albums/evermore_JapaneseEdition_/willow.txt
469,data/Albums/evermore_JapaneseEdition_/evermore.txt
470,data/Albums/evermore_JapaneseEdition_/nobody_nocrime.txt
471,data/Albums/evermore_JapaneseEdition_/tolerateit.txt
472,data/Albums/evermore_JapaneseEdition_/champagneproblems.txt
473,data/Albums/evermore_JapaneseEdition_/dorothea.txt
474,data/Albums/evermore_JapaneseEdition_/willow_dancingwitchversion__ElviraRemix_.txt
475,data/Albums/evermore_JapaneseEdition_/marjorie.txt
476,data/Albums/evermore_digitallyautographedfanedition_/rightwhereyouleftme.txt
477,data/Albums/evermore_digitallyautographedfanedition_/coneyisland.txt
478,data/Albums/evermore_digitallyautographedfanedition_/tisthedamnseason.txt
479,data/Albums/evermore_digitallyautographedfanedition_/longstoryshort.txt
480,data/Albums/evermore_digitallyautographedfanedition_/closure.txt
481,data/Albums/evermore_digitallyautographedfanedition_/goldrush.txt
482,data/Albums/evermore_digitallyautographedfanedition_/happiness.txt
483,data/Albums/evermore_digitallyautographedfanedition_/ivy.txt
484,data/Albums/evermore_digitallyautographedfanedition_/cowboylikeme.txt
485,data/Albums/evermore_digitallyautographedfanedition_/itstimetogo.txt
486,data/Albums/evermore_digitallyautographedfanedition_/willow.txt
487,data/Albums/evermore_digitallyautographedfanedition_/evermore.txt
488,data/Albums/evermore_digitallyautographedfanedition_/nobody_nocrime.txt
489,data/Albums/evermore_digitallyautographedfanedition_/tolerateit.txt
490,data/Albums/evermore_digitallyautographedfanedition_/champagneproblems.txt
491,data/Albums/evermore_digitallyautographedfanedition_/dorothea.txt
492,data/Albums/evermore_digitallyautographedfanedition_/willow_90_strendremix_.txt
493,data/Albums/evermore_digitallyautographedfanedition_/marjorie.txt
494,data/Albums/Fearless_TaylorsVersion__TheFromtheVaultChapter/ByeByeBaby_TaylorsVersion__FromtheVault_.txt
495,data/Albums/Fearless_TaylorsVersion__TheFromtheVaultChapter/ThatsWhen_TaylorsVersion__FromtheVault_.txt
496,data/Albums/Fearless_TaylorsVersion__TheFromtheVaultChapter/DontYou_TaylorsVersion__FromtheVault_.txt
497,data/Albums/Fearless_TaylorsVersion__TheFromtheVaultChapter/YouAllOverMe_TaylorsVersion__FromtheVault_.txt
498,data/Albums/Fearless_TaylorsVersion__TheFromtheVaultChapter/Mr_PerfectlyFine_TaylorsVersion__FromtheVault_.txt
499,data/Albums/Fearless_TaylorsVersion__TheFromtheVaultChapter/WeWereHappy_TaylorsVersion__FromtheVault_.txt
